citekey,doi,title,reason,decided,scope
Mohammed2026,10.1109/ojemb.2026.3688340,An Intra-Body Power Transfer System via Localized Capacitive Coupling,not a sensory stimulator (intra-body power transfer),2026-10-05,everywhere
Strong1970a,,An Explorable Electrotactile Display,PhD thesis overlapping the journal paper Strong1970,2026-10-05,everywhere
Miao2017,10.3390/s17081759,An Adaptive Impedance Matching Network with Closed Loop Control Algorithm for Inductive Wireless Power Transfer,"wireless power transfer, outside the corpus scope",2026-10-05,everywhere
Esram2007,10.1109/tec.2006.874230,Comparison of Photovoltaic Array Maximum Power Point Tracking Techniques,"photovoltaic MPPT, outside the corpus scope",2026-10-05,everywhere
Bhadra2005,10.1002/mus.20428,High‐frequency electrical conduction block of mammalian peripheral motor nerve,"motor-nerve conduction block, outside the corpus scope",2026-10-05,everywhere
Felizardo2016,10.1145/2961111.2962630,Using Forward Snowballing to update Systematic Reviews in Software Engineering,review-methodology background; kept in .bib and Zotero,2026-10-05,site_only
vanRaan2004,10.1023/b:scie.0000018543.82441.f1,Sleeping Beauties in science,scientometrics background; kept in .bib and Zotero,2026-10-05,site_only
Cunningham2025,10.1371/journal.pone.0329302,"Knowledge transfer, knowledge gaps, and knowledge silos in citation networks",scientometrics background (citation networks); kept in .bib and Zotero,2026-10-06,site_only
Ke2015,10.1073/pnas.1424329112,Defining and identifying Sleeping Beauties in science,bibliometrics background (Sleeping Beauties); kept in .bib and Zotero,2026-10-06,site_only
,10.1038/s41467-024-45059-8,Adaptive tactile interaction transfer via digitally embroidered smart gloves,expansion screening: not taken up (2026-10-06 review),2026-10-06,everywhere
,10.1073/pnas.2404007121,"A wirelessly programmable, skin-integrated thermo-haptic stimulator system for virtual reality",expansion screening: not taken up (2026-10-06 review),2026-10-06,everywhere
,10.1002/aisy.202400578,Interactive Haptic System with Multimodal Tactile Sensing and Hydraulic Feedback for Realistic Human–Machine Interaction,expansion screening: not taken up (2026-10-06 review),2026-10-06,everywhere
,10.1111/psyp.14648,Interoceptive training with real‐time haptic versus visual heartbeat feedback,expansion screening: not taken up (2026-10-06 review),2026-10-06,everywhere
,10.1038/s41598-024-55429-3,Improved tactile speech perception using audio-to-tactile sensory substitution with formant frequency focusing,expansion screening: not taken up (2026-10-06 review),2026-10-06,everywhere
,10.1016/j.mechatronics.2024.103161,Innovative Multi Vibrotactile-Skin Stretch (MuViSS) haptic device for sensory motor feedback from a robotic prosthetic hand,expansion screening: not taken up (2026-10-06 review),2026-10-06,everywhere
,10.3390/s23031563,An Overview of Wearable Haptic Technologies and Their Performance in Virtual Object Exploration,expansion screening: not taken up (2026-10-06 review),2026-10-06,everywhere
,10.1038/s41598-022-26673-2,Haptic shared control improves neural efficiency during myoelectric prosthesis use,expansion screening: not taken up (2026-10-06 review),2026-10-06,everywhere
,10.1038/s41598-023-48893-w,Improved speech intelligibility in the presence of congruent vibrotactile speech input,expansion screening: not taken up (2026-10-06 review),2026-10-06,everywhere
,10.1145/3544548.3581473,Augmenting On-Body Touch Input with Tactile Feedback Through Fingernail Haptics,expansion screening: not taken up (2026-10-06 review),2026-10-06,everywhere
,10.3389/fnins.2023.1071749,Assessing MR-compatibility of somatosensory stimulation devices: A systematic review on testing methodologies,expansion screening: not taken up (2026-10-06 review),2026-10-06,everywhere
,10.1109/tbme.2023.3285850,A Novel Method for Vibrotactile Proprioceptive Feedback Using Spatial Encoding and Gaussian Interpolation,expansion screening: not taken up (2026-10-06 review),2026-10-06,everywhere
,10.1109/tnsre.2023.3330502,A Novel Sensory Feedback Approach to Facilitate Both Predictive and Corrective Control of Grasping Force in Myoelectric Prostheses,expansion screening: not taken up (2026-10-06 review),2026-10-06,everywhere
