pdf,bib_key,note
Hugosdottir2019_Preferential activation of small cutaneous.pdf,Hugosdottir2019,filename too short for fuzzy title match
Trout_supplementary_Fig1.pdf,skip,supplementary figure of Trout2023; attach to that item instead of renaming
REF-090_Lin2024_TaxTec.pdf,skip,byte-identical copy of REF-067_Lin2024_TacTex; moved to References/_duplicates 2026-10-02
Zhou2022_Electrotactile_Perception_Properties_and_Its_Applications_A_Review.pdf,Zhou2022,added to .bib 2026-10-02 from Crossref (doi 10.1109/toh.2022.3170723)
Cunningham2025_Knowledge_transfer_knowledge_gaps_and_knowledge_silos_in_cit.pdf,Cunningham2025,open-access copy downloaded 2026-10-02 from journals.plos.org
Pea2021_Non_monotonic_kilohertz_frequency_neural_block_thresholds_ar.pdf,Pena2021,open-access copy downloaded 2026-10-02 from www.nature.com
Gunnarsson2023_Seamlessly_integrated_textile_electrodes_and_conductive_rout.pdf,Gunnarsson2023,open-access copy downloaded 2026-10-02 from www.nature.com
Kong2026_A_tonic_electrocutaneous_stimulation_paradigm_for_graded_sen.pdf,Kong2026,open-access copy downloaded 2026-10-02 from public-pages-files-2025.frontiersin.org
Daneffel2025_Preferential_C_nociceptor_stimulation_facilitates_peripheral.pdf,Daneffel2025,open-access copy downloaded 2026-10-02 from www.frontiersin.org
Tanaka2021_Electrical_Characterisation_of_A_Fibres_Based_on_Human_in_vi.pdf,Tanaka2021,open-access copy downloaded 2026-10-02 from www.frontiersin.org
StephensFripp2018_Reusable_Flexible_Concentric_Electrodes_Coated_With_a_Conduc.pdf,StephensFripp2018,open-access copy downloaded 2026-10-02 from www.frontiersin.org
Ke2015_Defining_and_identifying_Sleeping_Beauties_in_science.pdf,Ke2015,open-access copy downloaded 2026-10-02 from arxiv.org (preprint version)
Lin2025.pdf,Lin2025,downloaded by hand 2026-10-05
Jiang2025.pdf,Jiang2025,downloaded by hand 2026-10-05
Duente2024.pdf,Duente2024,downloaded by hand 2026-10-05
Isakovic2022.pdf,Isakovic2022,downloaded by hand 2026-10-05
Sha2008.pdf,Sha2008,downloaded by hand 2026-10-05
Khurshid2026.pdf,Khurshid2026,downloaded by hand 2026-10-05
Jiang2024.pdf,Jiang2024,downloaded by hand 2026-10-05
Kato2018.pdf,Kato2018,downloaded by hand 2026-10-05
Morch2011.pdf,Morch2011,downloaded by hand 2026-10-05
Olausson2002.pdf,Olausson2002,downloaded by hand 2026-10-05
Aiello1998.pdf,Aiello1998,downloaded by hand 2026-10-05
ArendtNielsen1994.pdf,ArendtNielsen1994,downloaded by hand 2026-10-05
DiCampliSanVito2026a.pdf,DiCampliSanVito2026a,added by colleagues to the shared folder 2026-10-06 (Zenodo preprint)
Xu2025.pdf,Xu2025,expansion screening 2026-10-06
Patel2025.pdf,Patel2025,expansion screening 2026-10-06
Gao2025.pdf,Gao2025,expansion screening 2026-10-06
Du2025.pdf,Du2025,expansion screening 2026-10-06
Yao2024.pdf,Yao2024,expansion screening 2026-10-06
Tang2024.pdf,Tang2024,expansion screening 2026-10-06
Kurzweg2024.pdf,Kurzweg2024,expansion screening 2026-10-06
Tanaka2023.pdf,Tanaka2023,expansion screening 2026-10-06
Garenfeld2023.pdf,Garenfeld2023,expansion screening 2026-10-06
Jingu2023.pdf,Jingu2023,expansion screening 2026-10-06
Ogihara2023.pdf,Ogihara2023,expansion screening 2026-10-06
Graczyk2022.pdf,Graczyk2022,expansion screening 2026-10-06
Zhang2022.pdf,Zhang2022,expansion screening 2026-10-06
Abbass2022.pdf,Abbass2022,expansion screening 2026-10-06
Shaner2022.pdf,Shaner2022,expansion screening 2026-10-06
Pacchierotti2024.pdf,Pacchierotti2024,expansion screening 2026-10-06
Valette2023.pdf,Valette2023,expansion screening 2026-10-06
Graczyk2024.pdf,Graczyk2024,expansion screening 2026-10-06
Blau2024.pdf,Blau2024,expansion screening 2026-10-06
