citekey,record_type,tier,dose_group,n_participants,body_site,waveform_polarity,current_mA_min,current_mA_max,pulse_width_us,pulse_rate_Hz,area_mm2,area_source,J_peak_mA_cm2,Q_uC,D_uC_cm2,Javg_mA_cm2,frac_shannon_k15,density_band,compliance_V,pulse_width_us_min,pulse_width_us_max,pulse_rate_Hz_min,pulse_rate_Hz_max,bandwidth_or_carrier_Hz,n_channels,output_impedance_Mohm,load_tested,impedance_reported,measurement_freq_Hz,electrode_material,interface_contribution
Adachi2026,delivered,D1n_nondisplay_dose,tactile_display,12.0,right hand (thenar eminence/palm for kinesthetic; presumably palm/thumb region for tactile),mixed_or_multiple,2.93,5.46,100.0,100.0,3.141592653589793,from_diameter,173.7971978563497,0.546,17.379719785634972,1.7379719785634968,0.3000788679148252,II_display_scale,,,,,,,,,,,,,False
Alotaibi2022,delivered,D1_full_dose,tactile_display,,palm (thenar/hypothenar eminence and distal palmar region),biphasic_symmetric,,20.0,200.0,20.0,,unknown,,4.0,,,,,,,,,,,,,,,,,False
Bao2023,envelope,D2i_ac_instrument_envelope,tactile_display,,,,,,,,,,,,,,,,,,,390000.0,,390000.0,,,True,,,,False
Bao2023,interface,D2_instrument_envelope,tactile_display,,,,,,,,,,,,,,,,,,,,,,,,,"Load impedance |Z| measured during electrocuting, values shown per test scenario in Fig. 14 (e.g., mean load impedance over 1000 samples specified per trace); not a single numeric skin-electrode impedance",390000.0,electrosurgery blade electrode,False
Boljanic2022,delivered,D1_full_dose,tactile_display,10.0,thigh,biphasic_symmetric,0.1,9.0,300.0,30.0,78.53981633974483,from_diameter,11.459155902616464,2.7,3.4377467707849396,0.10313240312354817,0.2935199649933684,I_low_density_large_area,,,,,,,,,,,,,False
Boljanic2024,delivered,D1_full_dose,tactile_display,32.0,thigh,biphasic_symmetric,0.1,2.0,300.0,30.0,78.5,reported,2.5477707006369426,0.6,0.7643312101910827,0.022929936305732482,0.014502165065740336,I_low_density_large_area,,,,,,,,,,,,,False
Caldwell2013,envelope,D2_instrument_envelope,tactile_display,,,,,10.0,,,,,,,,,,,290.0,,,,,50000.0,1.0,,True,,,,False
Collu2023,envelope,D2_instrument_envelope,tactile_display,,,,,25.0,,,,,,,,,,,90.0,50.0,,,500.0,,4.0,,True,,,,False
Collu2023,interface,D2_instrument_envelope,tactile_display,,,,,,,,,,,,,,,,,,,,,,,,,"Skin-like RC circuit: Ces = 47 nF, Res = 22 kΩ, Rs = 470Ω; also tested on resistive loads up to 10 kΩ",,,False
Cornman2017,envelope,D2_instrument_envelope,tactile_display,,,,,15.0,,,,,,,,,,,150.0,,,,,,,,True,,,,False
Cornman2017,interface,D2_instrument_envelope,tactile_display,,,,,,,,,,,,,,,,,,,,,,,,,skin impedances typically range from 10 kΩ to 100 kΩ on the forearm,,,False
DiCampliSanVito2026,delivered,D1_full_dose,tactile_display,45.0,"palm (open hand and while holding a smartphone), left and right hands",not_reported,,,500.0,20.0,,unknown,,,,,,,,,,,,,,,,,,,False
Gregory2009,delivered,D1_full_dose,tactile_display,10.0,fingertip (index),not_reported,,5.0,,60.0,0.454,reported,1101.3215859030838,,,,,,,,,,,,,,,,,,False
Gregory2009,interface,D1_full_dose,tactile_display,,,,,,,,0.454,,,,,,,,,,,,,,,,,"Dry finger: Rp 194KΩ-616KΩ, Rs 19KΩ-69.8KΩ, Cp 45.4pF-165pF; damp finger: Rp up to 19.8KΩ Rs, Cp 160pF-845pF (Cole-Cole RC model)",,custom-manufactured PCB electrode array,True
GuzmanMiranda2024,envelope,D2_instrument_envelope,tactile_display,,,,,3.0,,,,,,,,,,,15.0,15.0,,,,,2.0,,True,,,,False
GuzmanMiranda2024,interface,D2_instrument_envelope,tactile_display,,,,,,,,,,,,,,,,,,,,,,,,,Electrodes 10-15 kΩ (target); microwire electrodes 100-500 kΩ; larger electrodes 10-50 kΩ,1000.0,"silver wire (custom, insulated with nail polish); silver rod return electrode",False
Hugosdottir2019,delivered,D1_full_dose,fibre_selective_on_skin,25,volar forearm,monophasic,,,50000,0.5,0.031415926535897934,from_diameter,,,,,,,,,,,,,,,,,,,
Hummel2016,delivered,D1_full_dose,tactile_display,19.0,fingertip,mixed_or_multiple,,,100.0,27.78,3.125,reported,,,,,,,,,,,,,,,,,,,False
Hummel2016,envelope,D2_instrument_envelope,tactile_display,,,,,10.0,,,,,,,,,,,200.0,100.0,100.0,5.56,27.78,,8.0,,False,,,,False
Hummel2016,interface,D1_full_dose,tactile_display,,,,,,,,3.125,,,,,,,,,,,,,,,,,"calculated via Ohm's law from voltage and current sense (skin resistance derived, not a fixed numeric value reported)",,gold-coated PCB electrodes,False
Jorgovanovic2026,envelope,D2_instrument_envelope,tactile_display,,,,,3.0,,,,,,,,,,,150.0,,,,,10000.0,16.0,,True,,,,False
Jorgovanovic2026,interface,D2_instrument_envelope,tactile_display,,,,,,,,,,,,,,,,,,,,,,,,,"Impedance magnitude (RzMag) and phase measured at 100 Hz, 1 kHz, 10 kHz on artificial sweat/NaCl solutions and a 470 kΩ test resistor; not electrode-skin impedance for stimulation",1000.0,screen-printed carbon electrodes (Kapsense) for electrochemical sensing; stimulation electrodes not specified,False
Kaczmarek1991,interface,D5_aggregate_envelope,tactile_display,,,,,,,,,,,,,,,,,,,,,,,,,"R=8 kohm (0.1 Mohm·mm2), C=1.25 nF (0.1 nF/mm2) for 12-mm2 electrode; literature range R=0.25-40 Mohm·mm2, C=0.031-0.4 nF/mm2; Gibson: R drops 32 to 3 Mohm·mm2 as current increases 0.1 to 5 mA for 330-mm2 electrode, C=40 pF/mm2",60.0,"metal (silver/stainless steel), coaxial electrodes, conductive gel/adhesive discussed",False
Kaczmarek1991a,envelope,D2_instrument_envelope,tactile_display,,,,,50.0,,,,,,,,,,,120.0,2.0,1000.0,100.0,25000.0,5000000.0,16.0,2.0,True,,,,False
Kaczmarek1991a,interface,D2_instrument_envelope,tactile_display,,,,,,,,23.75829444277281,,,,,,,,,,,,,,,,,approximately 2 nF capacitance in parallel with 1-20 kohm resistance; typical electrode requires 25-60 V depending on stimulation current,,metal (coaxial active/dispersive electrode configuration),False
Kaczmarek1994,delivered,D1_full_dose,tactile_display,,fingertip,mixed_or_multiple,1.0,10.0,40.0,200.0,3.141592653589793,from_diameter,318.30988618379064,0.4,12.732395447351626,2.5464790894703246,0.16105347873435852,II_display_scale,,,,,,,,,,,,,False
Kaczmarek1994,interface,D1_full_dose,tactile_display,,,,,,,,3.141592653589793,,,,,,,,,,,,,,,,,150-300 kOhm (resistive part of electrode-skin impedance),,"coaxial metal electrode with air-gap insulator (Macor, Plexiglas, Lexan tested as insulator materials)",True
Kaczmarek1997,delivered,D1_full_dose,tactile_display,6.0,fingertip,monophasic,0.0,6.5,25.0,,0.6221138852271189,from_diameter,1044.8247747479556,0.1625,26.120619368698893,,0.13422605803652174,II_display_scale,,,,,,,,,,,,,False
Kaczmarek2003,delivered,D1_full_dose,tactile_display,14.0,fingertip (finger pad),monophasic,,6.5,50.0,400.0,0.6221138852271189,from_diameter,1044.8247747479556,0.325,52.24123873739779,20.89649549495911,0.536904232146087,II_display_scale,,,,,,,,,,,,,False
Kaczmarek2003,interface,D1_full_dose,tactile_display,,,,,,,,0.6221138852271189,,,,,,,,,,,,,,,,,electrode–skin interface approximately 150–300 kOhm,,stainless steel,False
Kaczmarek2017,delivered,D1_full_dose,tactile_display,15.0,"fingertip (distal pad, middle finger, non-dominant hand)",monophasic,,18.2,50.0,100.0,0.5026548245743669,from_diameter,3620.7749553406184,0.91,181.03874776703094,18.10387477670309,5.2097025679657145,III_point_contact,,,,,,,,,,,,,False
Kajimoto1999,delivered,D1_full_dose,tactile_display,1.0,fingerpad,biphasic_asymmetric,0.2,2.0,200.0,200.0,5.0,reported,40.0,0.4,8.0,1.5999999999999996,0.10119288512538815,I_low_density_large_area,,,,,,,,,,,,,False
Kajimoto2002,delivered,D1_full_dose,tactile_display,4.0,fingerpad,monophasic,1.2,3.2,200.0,,5.0,reported,64.0,0.64,12.799999999999999,,0.25905378592099365,II_display_scale,,,,,,,,,,,,,False
Kajimoto2004,delivered,D1_full_dose,tactile_display,4.0,fingertip,mixed_or_multiple,0.2,2.4,200.0,200.0,5.0,reported,47.99999999999999,0.48,9.6,1.9199999999999997,0.14571775458055894,I_low_density_large_area,,,,,,,,,,,,,False
Kajimoto2012,delivered,D1_full_dose,tactile_display,7.0,"fingers (index, middle, ring, left hand)",monophasic,5.0,5.0,100.0,2.0,0.7853981633974483,from_diameter,636.6197723675813,0.5,63.66197723675813,0.12732395447351627,1.0065842420897406,II_display_scale,,,,,,,,,,,,,False
Kajimoto2012,envelope,D2_instrument_envelope,tactile_display,,,,,,,,,,,,,,,,350.0,,,,50.0,,61.0,,True,,,,False
Kajimoto2012,interface,D1_full_dose,tactile_display,,,,,,,,0.7853981633974483,,,,,,,,,,,,,,,,,e.g. 46.5 kOhm example resistance value; resistance range shown in Fig.10 relating resistance to threshold pulse width at 8.7 s,,,True
Kajimoto2016,envelope,D2_instrument_envelope,tactile_display,,,,,10.0,,,,,,,,,,,350.0,50.0,200.0,,,,,,True,,,,False
Kajimoto2016,interface,D2_instrument_envelope,tactile_display,,,,,,,,,,,,,,,,,,,,,,,,,approximately 50 kOhm for a 1 mm diameter electrode with 5 mA current pulse (fingertip),,,True
Kajimoto2021,envelope,D2_instrument_envelope,tactile_display,,,,,20.0,,,,,,,,,,,300.0,,,,,,63.0,,True,,,,False
Kajimoto2021,interface,D2_instrument_envelope,tactile_display,,,,,,,,,,,,,,,,,,,,,,,,,10.2 kΩ load used for bench test,,,True
Kajimoto2024,delivered,D1_full_dose,tactile_display,8.0,"fingertip (index finger, tracing on electrode array)",biphasic_symmetric,10.0,10.0,50.0,125.0,3.141592653589793,from_diameter,318.30988618379064,0.5,15.915494309189533,1.9894367886486917,0.25164606052243516,II_display_scale,,,,,,,,,,,,,False
Kajimoto2024,envelope,D2_instrument_envelope,tactile_display,,,,,,,,,,,,,,,,300.0,,,,,,64.0,,False,,,,False
Kajimoto2026,delivered,D1_full_dose,tactile_display,12.0,index finger (left hand),monophasic,,,80.0,90.0,,unknown,,,,,,,,,,,,,,,,,,,False
Kajimoto2026,interface,D1_full_dose,tactile_display,,,,,,,,,,,,,,,,,,,,,,,,,Voltage monitored via oscilloscope under current control; qualitative note that lower monitored voltage correlated with lower skin impedance and reduced vibration perception; no quantitative values given,,"copper line electrodes (18 µm copper layer), bare (uninsulated)",True
Keller2008,delivered,D1n_nondisplay_dose,tactile_display,10.0,forearm,not_reported,,,,,,unknown,,,,,,,,,,,,,,,,,,,False
Keller2008,interface,D1n_nondisplay_dose,tactile_display,,,,,,,,,,,,,,,,,,,,,,,,,"Skin resistivities characterized via equivalent network model (Rs, Cs, Rc); electrode gel resistivities: Hydrogel 200Ωm, Hotmelt 400Ωm, Carbon Rubber 5Ωm; pore resistivity 1.4 Ωm; gel resistivity recommendations ~1500-4500 Ωm depending on gap size",,"Hydrogel (200 Ωm), Hotmelt (400 Ωm), Carbon Rubber (5 Ωm); also mentions carbon-nanotube-blended biocompatible hotmelt skin interface material",True
Komurasaki2021,delivered,D1_full_dose,tactile_display,,fingerpad,monophasic,2.16,5.9,200.0,320.0,13.5,reported,43.7037037037037,1.18,8.74074074074074,2.797037037037037,0.326159660297663,I_low_density_large_area,,,,,,,,,,,,,False
Lailert2026,delivered,D1_full_dose,tactile_display,6.0,forearm and leg,not_reported,,,,,,unknown,,,,,,,,,,,,,,,,,,,False
Lailert2026,envelope,D2_instrument_envelope,tactile_display,,,,,3.8,,,,,,,,,,,500.0,0.0,,1.0,1500.0,,8.0,1.01,True,,,,False
Lailert2026,interface,D1_full_dose,tactile_display,,,,,,,,,,,,,,,,,,,,,,,,,test loads 5.7 kΩ to 1.01 MΩ used for bench characterisation; 10 kΩ and 1 MΩ loads in pulse shape test,,,False
Lazovic2014,interface,D3_interface_characterisation,tactile_display,,,,,,,,314.1592653589793,,,,,,,,,,,,,,,,,"Cole model fit parameters R0, R∞, α, τ (plus new k and σ parameters); fractional index α≈0.82 cited for related work; impedance spectrum measured 0.1 Hz to 100 kHz",100000.0,stainless steel with EC 33 skin conductance cream/paste,True
Li2015,delivered,D1_full_dose,tactile_display,6.0,"Forearm stump (phantom thumb perception area, ventral forearm)",biphasic_asymmetric,0.0,3.0,200.0,50.0,113.09733552923257,from_diameter,2.6525823848649224,0.6,0.5305164769729844,0.02652582384864922,0.010065842420897406,I_low_density_large_area,,,,,,,,,,,,,False
Lin2022,delivered,D1_full_dose,tactile_display,20.0,fingertip,sinusoidal_or_ac,,,,60.0,3.141592653589793,from_diameter,,,,,,,,,,,,,,,,,,,False
Lin2022,envelope,D2_instrument_envelope,tactile_display,,,,,,,,,,,,,,,,28.0,,,1.0,,100000.0,25.0,,True,,,,False
Lin2022,interface,D1_full_dose,tactile_display,,,,,,,,3.141592653589793,,,,,,,,,,,,,,,,,Skin impedance decreases with increasing AC frequency from 20 Hz to 10 kHz (fig. S1); modeled as parallel R-C per skin layer,10000.0,Silver-sputtered solder half-spherical copper pad electrodes on flexible printed circuit,False
Lin2024,delivered,D1_full_dose,tactile_display,,fingertip,not_reported,0.5,3.0,200.0,,,unknown,,0.6,,,,,,,,,,,,,,,,,False
Lin2024,interface,D1_full_dose,tactile_display,,,,,,,,,,,,,,,,,,,,,,,,,Yarn resistance less than 500 Ω/m; electrode spacing as close as 1mm (2mm used in experiments),,"Silver-coated polyamide 6.6 conductive yarn, woven linear textile electrodes",True
Liu2025,delivered,D1n_nondisplay_dose,tactile_display,13.0,"mastoid (bilateral, behind ears)",biphasic_symmetric,1.6,1.6,,,,unknown,,,,,,,,,,,,,,,,,,,False
Liu2025,envelope,D2_instrument_envelope,tactile_display,,,,,4.0,,,,,,,,,,,24.6,,,,640.0,,2.0,,True,,,,False
Liu2025,interface,D1n_nondisplay_dose,tactile_display,,,,,,,,,,,,,,,,,,,,,,,,,"test loads of 1481 Ω, 2663 Ω, 3850 Ω; design target range 0–5 kΩ",,ECG electrode (MSGST-37) with Nuprep skin prep gel,False
Mahnam2016,envelope,D2i_ac_instrument_envelope,tactile_display,,,,,2.0,,,,,,,,,,,5.3,,,50000.0,,50000.0,1.0,1.13,True,,,,False
Mahnam2016,interface,D2_instrument_envelope,tactile_display,,,,,,,,,,,,,,,,,,,,,,,,,RLoad = 500 Ω assumed (including electrode-tissue impedance); thorax impedance range 20-175 Ω cited from ICG literature,50000.0,,False
Malesevic2012,delivered,D1n_nondisplay_dose,tactile_display,3.0,forearm (multi-pad electrode over forearm muscles for hand/wrist control),biphasic_symmetric,18.0,22.0,,40.0,,unknown,,,,,,,,,,,,,,,,,,,False
Malesevic2012,envelope,D2_instrument_envelope,tactile_display,,,,,50.0,,,,,,,,,,,94.0,50.0,1000.0,1.0,50.0,,1.0,,True,,,,False
Malesevic2012,interface,D1n_nondisplay_dose,tactile_display,,,,,,,,,,,,,,,,,,,,,,,,,Permitted output impedance 0 – 1.5 KΩ,,"Ag/AgCl electrode matrix with conductive hydrogel (Axelgaard AG702), 16 pads per multi-pad electrode",False
Malesevic2021,delivered,D1_full_dose,tactile_display,11.0,index finger distal and proximal phalanx,biphasic_symmetric,1.0,9.0,400.0,30.0,11.0,reported,81.81818181818181,3.6,32.72727272727273,0.9818181818181818,3.725738043252927,II_display_scale,,,,,,,,,,,,,False
Malesevic2022,delivered,D1_full_dose,tactile_display,20.0,lateral torso (midaxillary line),biphasic_symmetric,0.6,9.0,300.0,50.0,226.98006922186255,from_diameter,3.965105848656216,2.7,1.1895317545968649,0.05947658772984323,0.10156400172780915,I_low_density_large_area,,,,,,,,,,,,,False
Melen1971,delivered,D1_full_dose,tactile_display,3.0,volar (palm) side of index and middle fingers,biphasic_symmetric,0.2,1.2,500.0,200.0,0.0706858347057703,from_diameter,1697.652726313551,0.6,848.8263631567755,169.76527263135512,16.105347873435857,III_point_contact,,,,,,,,,,,,,False
Meng2025,delivered,D1_full_dose,tactile_display,9.0,forearm/residual limb (amputees) and skin (healthy subjects),biphasic_symmetric,,,1000.0,,,unknown,,,,,,,,,,,,,,,,,,,False
Meng2025,envelope,D2_instrument_envelope,tactile_display,,,,,5.0,,,,,,,,,,,50.0,,1000.0,,500.0,,16.0,,True,,,,False
Meng2025,interface,D1_full_dose,tactile_display,,,,,,,,,,,,,,,,,,,,,,,,,human skin impedance generally ranges from 1k to 10k ohm; tested with 5k ohm resistor load,,,False
Mereu2024,delivered,D1n_nondisplay_dose,tactile_display,7.0,"forearm/hand (median and ulnar nerve territories, wearable TENS electrodes)",biphasic_symmetric,1.0,5.0,,,,unknown,,,,,,,,,,,,,,,,,,,False
Mereu2024,envelope,D2_instrument_envelope,tactile_display,,,,,5.0,,,,,,,,,,,14.0,100.0,500.0,50.0,600.0,,30.0,,True,,,,False
Mohsen2021,interface,D5_aggregate_envelope,tactile_display,,,,,,,,,,,,,,,,,,,,,,,,,"Fractional-order circuit model parameters (Cole, Hayden, Double-Shell, onion dehydration, etc.) fit to bio-impedance of fruits/vegetables (carrot, tomato, zucchini, cucumber) over 100Hz-500kHz",500000.0,Ag/AgCl electrodes,True
Morcelles2017,envelope,D2i_ac_instrument_envelope,tactile_display,,,,,1.0,,,,,,,,,,,5.0,,,100.0,,10000000.0,1.0,,True,,,,False
Nagi2019,delivered,D1n_nondisplay_dose,fibre_selective_on_skin,103.0,peroneal or radial nerve (intraneural),monophasic,0.0063,0.0063,200.0,30.0,,unknown,,0.00126,,,,,,,,,,,,,,,,,False
Noccaro2024,delivered,D1_full_dose,tactile_display,8.0,thigh,not_reported,,,,,,unknown,,,,,,,,,,,,,,,,,,,False
Nwokoye2024,envelope,D2i_ac_instrument_envelope,tactile_display,,,,,2.0,,,,,,,,,,,15.0,,,1000.0,,3000000.0,,1.0,True,,,,False
Nwokoye2024,interface,D2_instrument_envelope,tactile_display,,,,,,,,,,,,,,,,,,,,,,,,,"Output impedance <1 kΩ @1 MHz; 200 kΩ @100 kHz; 1 MΩ @1 kHz (device output impedance, not skin-electrode)",1000000.0,,False
Pawling2017,delivered,D1_full_dose,fibre_selective_on_skin,,volar forearm and palm,no_delivery,,,,,,unknown,,,,,,,,,,,,,,,,,,,False
Perera2025,envelope,D2_instrument_envelope,tactile_display,,,,,10.0,,,,,,,,,,,270.0,1.0,,1.0,250.0,,,,False,,,,False
Poletto1999,delivered,D1_full_dose,tactile_display,3.0,fingertip (volar tip of third finger),monophasic,0.5,12.0,50.0,,50.26548245743669,from_diameter,23.8732414637843,0.6,1.193662073189215,,0.022648145447019163,I_low_density_large_area,,,,,,,,,,,,,False
Poletto1999,envelope,D2_instrument_envelope,tactile_display,,,,,25.0,,,,,,,,,,,800.0,1.0,,,,,1.0,,True,,,,False
Poletto1999,interface,D1_full_dose,tactile_display,,,,,,,,50.26548245743669,,,,,,,,,,,,,,,,,"RS = 2 kΩ, C = 0.42 nF (1mm) to 5.2 nF (8mm), RP ranging 10 kΩ to 320 kΩ depending on current; rp = 65.7 * J^0.80, R2=0.97",,Ag/AgCl disk electrodes (also stainless steel considered),True
Rafiq2023,envelope,D2i_ac_instrument_envelope,tactile_display,,,,,1000.0,,,,,,,,,,,120.0,,,500000.0,,500000.0,1.0,,True,,,,False
Rafiq2023,interface,D2_instrument_envelope,tactile_display,,,,,,,,,,,,,,,,,,,,,,,,,Impedance range 10-340 Ohms (simulated tissue load range),,,False
Ray2024,interface,D5_aggregate_envelope,tactile_display,,,,,,,,,,,,,,,,,,,,,,,,,"Nonlinear decrease in static skin-electrode resistance with increasing stimulation current (cited from Kaczmarek and Webster, 1989)",,silver-silver chloride (cited example),False
Sato2008,delivered,D1_full_dose,tactile_display,9.0,fingertip,monophasic,,,,120.0,1.227184630308513,from_diameter,,,,,,,,,,,,,,,,,,,False
Schaning2008,envelope,D2_instrument_envelope,tactile_display,,,,,20.0,,,,,,,,,,,800.0,20.0,250.0,10.0,100.0,,16.0,8.8,True,,,,False
Schaning2008,interface,D2_instrument_envelope,tactile_display,,,,,,,,,,,,,,,,,,,,,,,,,"resistive component of fingertip impedance reported as high as 320 kΩ (cited from literature); bench tests used 1, 10, 20, 30, 50, 70, 100, 200 kΩ resistive loads and a ""well-hydrated fingertip electrode"" load",,,False
Schneider2023,delivered,D1_full_dose,fibre_selective_on_skin,23.0,volar forearm and dorsum of foot,mixed_or_multiple,0.125,1.4,25000.0,40.0,0.1256637061435917,from_diameter,1114.0846016432674,35.0,27852.115041081688,1114.0846016432674,30826.642413998317,III_point_contact,,,,,,,,,,,,,False
Stanke2020,delivered,D1_full_dose,tactile_display,18.0,wrist and ring finger,biphasic_symmetric,,,50.0,100.0,1600.0,reported,,,,,,,,,,,,,,,,,,,False
Strbac2019,delivered,D1_full_dose,tactile_display,1.0,forearm (wrist/finger flexor muscles),biphasic_symmetric,3.0,3.0,250.0,10.0,,unknown,,0.75,,,,,,,,,,,,,,,,,False
Strbac2019,envelope,D2_instrument_envelope,tactile_display,,,,,5.0,,,,,,,,,,,50.0,50.0,500.0,1.0,100.0,,16.0,,False,,,,False
Strong1970,delivered,D1_full_dose,tactile_display,3.0,,biphasic_symmetric,,0.05,600.0,200.0,2.482866647577739,from_diameter,2.0138012667244745,0.03,1.2082807600346848,0.2416561520069369,0.0011462757764006863,I_low_density_large_area,,,,,,,,,,,,,False
Strong1970,interface,D1_full_dose,tactile_display,,,,,,,,2.482866647577739,,,,,,,,,,,,,,,,,5000-10 000 ohms with both electrodes wet; source output impedance 200 000 ohms,,"metal point electrodes (70 mil diameter), insulating plastic substrate",False
Szeto1985,delivered,D1_full_dose,tactile_display,12.0,"left forearm, ~4 cm below elbow joint",monophasic,3.0,6.0,200.0,100.0,,unknown,,1.2,,,,,,,,,,,,,,,,,False
Tigerholm2020,delivered,D1_full_dose,fibre_selective_on_skin,19.0,forearm skin (pin and patch electrodes),not_reported,,,,,8.8,reported,,,,,,,,,,,,,,,,,,,False
Trinitatova2022,delivered,D1_full_dose,tactile_display,12.0,hand/fingers,not_reported,,,,,,unknown,,,,,,,,,,,,,,,,,,,False
Trout2023,delivered,D1n_nondisplay_dose,tactile_display,14.0,wrist (transcutaneous median nerve) and palm/hand (electrocutaneous); forearm and upper arm nerves for motor stimulation,biphasic_symmetric,1.2,3.0,100.0,200.0,716.0,reported,0.41899441340782123,0.3,0.04189944134078212,0.008379888268156424,0.0003974930019764722,I_low_density_large_area,,,,,,,,,,,,,False
Trout2023,envelope,D2_instrument_envelope,tactile_display,,,,,6.0,,,,,,,,,,,150.0,,,1.0,250.0,,3.0,,True,,,,False
Trout2023,interface,D1n_nondisplay_dose,tactile_display,,,,,,,,716.0,,,,,,,,,,,,,,,,,~25 kOhm for a 0.44 cm2 electrode,,"Adhesive gel electrodes (Series 530, Cardinal Health) for transcutaneous; custom dry silicone pad with embedded electrodes for electrocutaneous",False
Tucker2013,envelope,D2i_ac_instrument_envelope,tactile_display,,,,,,,,,,,,,,,,,,,1000.0,,200000.0,1.0,3.3,True,,,,False
Tucker2013,interface,D2_instrument_envelope,tactile_display,,,,,,,,,,,,,,,,,,,,,,,,,Electrode contact impedance ~200 ohm; abdominal impedance <1 to 200 ohm,50000.0,"carbon rubber (mentioned for target application, not tested on humans)",False
Vallbo1999,delivered,D1n_nondisplay_dose,fibre_selective_on_skin,17.0,forearm skin (also mechanical probe/microneurography electrical stimuli to receptive field),not_reported,,15.0,100.0,,19.634954084936208,from_diameter,76.39437268410977,1.5,7.639437268410976,,0.36237032715230666,I_low_density_large_area,,,,,,,,,,,,,False
VargasLuna2015,delivered,D1n_nondisplay_dose,tactile_display,5.0,anterior thigh,biphasic_symmetric,1.0,110.0,30000.0,,2500.0,reported,4.4,3300.0,132.0,,13774.88148769346,III_point_contact,,,,,,,,,,,,,False
VargasLuna2015,interface,D1n_nondisplay_dose,tactile_display,,,,,,,,2500.0,,,,,,,,,,,,,,,,,"Rs (50cm2): CC 498±83Ω, VC 440±60Ω; Rs (25cm2): CC 670±99Ω, VC 596±86Ω; C (50cm2): CC 194±52nF, VC 176±62nF; C (25cm2): CC 106±25nF, VC 83±31nF",,"self-adhesive hydrogel electrodes (SN-50900, Hivox Biotek Inc.)",True
Vatsyayan2022,interface,D4_no_dose_obligation,tactile_display,,,,,,,,,,,,,,,,,,,,,,,,,"Zimag = alpha*D^d1; d1 = -1.67 for PtNR, -1.61 for planar Pt; impedance measured via EIS in vivo and benchtop",10000.0,"Platinum nanorods (PtNR), planar Pt, PEDOT:PSS",True
Vizcay2023,delivered,D1_full_dose,tactile_display,21.0,finger pad,biphasic_asymmetric,0.2,9.0,500.0,200.0,,unknown,,4.5,,,,,,,,,,,,,,,,,False
Watkins2021,delivered,D1n_nondisplay_dose,fibre_selective_on_skin,42.0,glabrous hand skin (median and radial nerve territories),no_delivery,,,,,1.7671458676442586,from_diameter,,,,,,,,,,,,,,,,,,,False
Yang2025,interface,D5_aggregate_envelope,tactile_display,,,,,,,,,,,,,,,,,,,,,,,,,"Strong linear correlation between peak impedance and both pulse energy and phase charge (gel electrodes); impedance decreases over time with current amplitude increasing up to fourfold within 15 minutes, then recovering quickly (aggregated from surveyed studies)",,"metal electrodes, conductive material electrodes, flexible electrodes, hard electrodes, gel electrodes, Ag/AgCl electrodes, silver-nanowire electrodes, carbon rubber electrodes, stainless steel electrodes, concentric electrodes (various, as surveyed across 110 papers)",False
Yao2026,delivered,D1_full_dose,tactile_display,30.0,fingertip,monophasic,1.0,4.0,200.0,500.0,,unknown,,0.8,,,,,,,,,,,,,,,,,False
Yao2026,interface,D1_full_dose,tactile_display,,,,,,,,,,,,,,,,,,,,,,,,,"Electrode-skin contact impedance measured under dry and moist fingertip conditions (qualitative, values in Fig. 2H, not given verbatim in excerpt)",,Platinum-carbon electrode on nylon fabric substrate with TPU insulating film; hydrogel patch common cathode,True
Yu2024,delivered,D1n_nondisplay_dose,fibre_selective_on_skin,62.0,"posterior antebrachial cutaneous, radial, and superficial peroneal nerve territories (forearm/hand/leg)",not_reported,,,400.0,,,unknown,,,,,,,,,,,,,,,,,,,False
Zhang2020,delivered,D1n_nondisplay_dose,fibre_selective_on_skin,60.0,sciatic nerve (popliteal region),not_reported,0.1,3.0,100.0,1.0,,unknown,,0.3,,,,,,,,,,,,,,,,,False
Zhou2022,interface,D5_aggregate_envelope,tactile_display,,,,,,,,,,,,,,,,,,,,,,,,,"Referenced models: Cole-Cole skin-electrode circuit, R-C-R-C model for tongue/soft palate; Kajimoto measured skin resistance via 5 mA fixed-current pulses; qualitative trends of impedance change over time reported but no single verbatim value for this paper's own measurement",,not specified (review discusses multiple electrode types/configurations),True
Zhou2022a,delivered,D1_full_dose,tactile_display,8.0,fingertips (and palm as reference electrode site),monophasic,0.1,3.0,150.0,20.0,78.53981633974483,from_diameter,3.819718634205488,0.45,0.5729577951308232,0.011459155902616465,0.0081533323609269,I_low_density_large_area,,,,,,,,,,,,,False
Zhou2022a,envelope,D2_instrument_envelope,tactile_display,,,,,5.0,,,,,,,,,,,90.0,100.0,2000.0,5.0,80.0,,6.0,,True,,,,False
Zhou2022a,interface,D1_full_dose,tactile_display,,,,,,,,78.53981633974483,,,,,,,,,,,,,,,,,human skin resistance less than 10k ohm (cited),,"Conductive hydrogel, round, 10mm diameter",False
